<NotepadPlus>
    <Session activeView="0">
        <mainView activeIndex="6">
            <File firstVisibleLine="86" xOffset="0" scrollWidth="240000" startPos="3584" endPos="3490" selMode="0" lang="Normal Text" encoding="-1" userReadOnly="no" filename="D:\E113500\Notes\Useful Notes.txt" backupFilePath="C:\DEV\Notepad++Portable\App\Notepad++\backup\Useful Notes.txt@2021-12-09_160400" originalFileLastModifTimestamp="-726276725" originalFileLastModifTimestampHigh="30928056" mapFirstVisibleDisplayLine="-1" mapFirstVisibleDocLine="-1" mapLastVisibleDocLine="-1" mapNbLine="-1" mapHigherPos="-1" mapWidth="-1" mapHeight="-1" mapKByteInDoc="2949169" mapWrapIndentMode="-1" mapIsWrap="no" />
            <File firstVisibleLine="10" xOffset="0" scrollWidth="148760" startPos="1390" endPos="1390" selMode="0" lang="Normal Text" encoding="-1" userReadOnly="no" filename="D:\E113500\Notes\Java notes.txt" backupFilePath="" originalFileLastModifTimestamp="1205624959" originalFileLastModifTimestampHigh="30927854" mapFirstVisibleDisplayLine="-1" mapFirstVisibleDocLine="-1" mapLastVisibleDocLine="-1" mapNbLine="-1" mapHigherPos="-1" mapWidth="-1" mapHeight="-1" mapKByteInDoc="1139802112" mapWrapIndentMode="-1" mapIsWrap="no">
                <Mark line="55" />
            </File>
            <File firstVisibleLine="439" xOffset="0" scrollWidth="240000" startPos="17094" endPos="17094" selMode="0" lang="Normal Text" encoding="-1" userReadOnly="no" filename="new 1" backupFilePath="C:\DEV\Notepad++Portable\App\Notepad++\backup\new 1@2021-12-03_142051" originalFileLastModifTimestamp="0" originalFileLastModifTimestampHigh="0" mapFirstVisibleDisplayLine="-1" mapFirstVisibleDocLine="-1" mapLastVisibleDocLine="-1" mapNbLine="-1" mapHigherPos="-1" mapWidth="-1" mapHeight="-1" mapKByteInDoc="48" mapWrapIndentMode="-1" mapIsWrap="no" />
            <File firstVisibleLine="4" xOffset="0" scrollWidth="240000" startPos="428" endPos="428" selMode="0" lang="Normal Text" encoding="-1" userReadOnly="no" filename="new 2" backupFilePath="C:\DEV\Notepad++Portable\App\Notepad++\backup\new 2@2021-12-07_181345" originalFileLastModifTimestamp="0" originalFileLastModifTimestampHigh="0" mapFirstVisibleDisplayLine="-1" mapFirstVisibleDocLine="-1" mapLastVisibleDocLine="-1" mapNbLine="-1" mapHigherPos="-1" mapWidth="-1" mapHeight="-1" mapKByteInDoc="1140588544" mapWrapIndentMode="-1" mapIsWrap="no" />
            <File firstVisibleLine="0" xOffset="0" scrollWidth="240000" startPos="1585" endPos="1585" selMode="0" lang="Normal Text" encoding="-1" userReadOnly="no" filename="new 3" backupFilePath="C:\DEV\Notepad++Portable\App\Notepad++\backup\new 3@2021-12-08_192207" originalFileLastModifTimestamp="0" originalFileLastModifTimestampHigh="0" mapFirstVisibleDisplayLine="-1" mapFirstVisibleDocLine="-1" mapLastVisibleDocLine="-1" mapNbLine="-1" mapHigherPos="-1" mapWidth="-1" mapHeight="-1" mapKByteInDoc="1139802112" mapWrapIndentMode="-1" mapIsWrap="no" />
            <File firstVisibleLine="21" xOffset="0" scrollWidth="240000" startPos="259" endPos="269" selMode="0" lang="Normal Text" encoding="-1" userReadOnly="no" filename="new 4" backupFilePath="C:\DEV\Notepad++Portable\App\Notepad++\backup\new 4@2021-12-09_160325" originalFileLastModifTimestamp="0" originalFileLastModifTimestampHigh="0" mapFirstVisibleDisplayLine="-1" mapFirstVisibleDocLine="-1" mapLastVisibleDocLine="-1" mapNbLine="-1" mapHigherPos="-1" mapWidth="-1" mapHeight="-1" mapKByteInDoc="0" mapWrapIndentMode="-1" mapIsWrap="no" />
            <File firstVisibleLine="0" xOffset="0" scrollWidth="240000" startPos="34" endPos="34" selMode="0" lang="Normal Text" encoding="-1" userReadOnly="no" filename="new 5" backupFilePath="C:\DEV\Notepad++Portable\App\Notepad++\backup\new 5@2021-12-09_193930" originalFileLastModifTimestamp="0" originalFileLastModifTimestampHigh="0" mapFirstVisibleDisplayLine="-1" mapFirstVisibleDocLine="-1" mapLastVisibleDocLine="-1" mapNbLine="-1" mapHigherPos="-1" mapWidth="-1" mapHeight="-1" mapKByteInDoc="1139802112" mapWrapIndentMode="-1" mapIsWrap="no" />
        </mainView>
        <subView activeIndex="0" />
    </Session>
</NotepadPlus>
