<NotepadPlus>
    <Session activeView="0">
        <mainView activeIndex="4">
            <File firstVisibleLine="84" xOffset="0" scrollWidth="1688" startPos="3589" endPos="3396" selMode="0" lang="SQL" encoding="-1" userReadOnly="no" filename="\\CANGZPWFIS02\AIAB_Share\POSA\handover_Joseph\Query-Joseph.sql" backupFilePath="" originalFileLastModifTimestamp="1946704699" originalFileLastModifTimestampHigh="30916380" mapFirstVisibleDisplayLine="-1" mapFirstVisibleDocLine="-1" mapLastVisibleDocLine="-1" mapNbLine="-1" mapHigherPos="-1" mapWidth="-1" mapHeight="-1" mapKByteInDoc="1140064256" mapWrapIndentMode="-1" mapIsWrap="no" />
            <File firstVisibleLine="33" xOffset="0" scrollWidth="1136" startPos="1698" endPos="1698" selMode="0" lang="SQL" encoding="-1" userReadOnly="no" filename="\\CANGZPWFIS02\AIAB_Share\POSA\handover_Joseph\0-jira\2021-08-06 1100 U-Select enhancement\select query.sql" backupFilePath="" originalFileLastModifTimestamp="1168055042" originalFileLastModifTimestampHigh="30916819" mapFirstVisibleDisplayLine="-1" mapFirstVisibleDocLine="-1" mapLastVisibleDocLine="-1" mapNbLine="-1" mapHigherPos="-1" mapWidth="-1" mapHeight="-1" mapKByteInDoc="1139802112" mapWrapIndentMode="-1" mapIsWrap="no" />
            <File firstVisibleLine="0" xOffset="0" scrollWidth="5834" startPos="7101" endPos="7101" selMode="0" lang="Normal Text" encoding="-1" userReadOnly="no" filename="\\CANGZPWFIS02\AIAB_Share\POSA\handover_Joseph\2021-10-15 Prod ZZZZ RE error\new 1" backupFilePath="" originalFileLastModifTimestamp="1085517179" originalFileLastModifTimestampHigh="30916982" mapFirstVisibleDisplayLine="-1" mapFirstVisibleDocLine="-1" mapLastVisibleDocLine="-1" mapNbLine="-1" mapHigherPos="-1" mapWidth="-1" mapHeight="-1" mapKByteInDoc="1139802112" mapWrapIndentMode="-1" mapIsWrap="no" />
            <File firstVisibleLine="0" xOffset="0" scrollWidth="192" startPos="213" endPos="222" selMode="0" lang="Normal Text" encoding="-1" userReadOnly="no" filename="\\CANGZPWFIS02\AIAB_Share\POSA\handover_Joseph\2021-06-01 doc\EID.txt" backupFilePath="" originalFileLastModifTimestamp="125453714" originalFileLastModifTimestampHigh="30893872" mapFirstVisibleDisplayLine="-1" mapFirstVisibleDocLine="-1" mapLastVisibleDocLine="-1" mapNbLine="-1" mapHigherPos="-1" mapWidth="-1" mapHeight="-1" mapKByteInDoc="1139802112" mapWrapIndentMode="-1" mapIsWrap="no" />
            <File firstVisibleLine="0" xOffset="0" scrollWidth="1088" startPos="1770" endPos="0" selMode="0" lang="SQL" encoding="-1" userReadOnly="no" filename="\\CANGZPWFIS02\AIAB_Share\POSA\handover_Joseph\2021-07-26 duplicate submit\Find Duplicate Case by Date.sql" backupFilePath="" originalFileLastModifTimestamp="332798024" originalFileLastModifTimestampHigh="30909396" mapFirstVisibleDisplayLine="-1" mapFirstVisibleDocLine="-1" mapLastVisibleDocLine="-1" mapNbLine="-1" mapHigherPos="-1" mapWidth="-1" mapHeight="-1" mapKByteInDoc="1139802112" mapWrapIndentMode="-1" mapIsWrap="no" />
            <File firstVisibleLine="87" xOffset="0" scrollWidth="1224" startPos="6244" endPos="5755" selMode="0" lang="SQL" encoding="-1" userReadOnly="no" filename="\\CANGZPWFIS02\AIAB_Share\POSA\handover_Joseph\2021-06-10 setup new process type\final script\setup_XG_F0001_HPOS-691.sql" backupFilePath="" originalFileLastModifTimestamp="-122472057" originalFileLastModifTimestampHigh="30892497" mapFirstVisibleDisplayLine="-1" mapFirstVisibleDocLine="-1" mapLastVisibleDocLine="-1" mapNbLine="-1" mapHigherPos="-1" mapWidth="-1" mapHeight="-1" mapKByteInDoc="1140326400" mapWrapIndentMode="-1" mapIsWrap="no" />
        </mainView>
        <subView activeIndex="0" />
    </Session>
</NotepadPlus>
